question,answer
What is the destination of the trip starting on 01/05/2023?,"London, UK"
"When did the trip to London, UK start?",01/05/2023
"How long was the trip to London, UK?",7.0 days
"What nationality was the traveler to London, UK?",American
"What type of accommodation was used in London, UK?",Hotel
"How much did the accommodation cost in London, UK?",1200 €
"What transportation was used to reach London, UK?",Flight
"What was the transportation cost to London, UK?",600 €
"What was the total budget for the trip to London, UK?",1800.0 € (Transport: 600 € + Accommodation: 1200 €)
What is the destination of the trip starting on 15/06/2023?,"Phuket, Thailand"
"When did the trip to Phuket, Thailand start?",15/06/2023
"How long was the trip to Phuket, Thailand?",5.0 days
"What nationality was the traveler to Phuket, Thailand?",Canadian
"What type of accommodation was used in Phuket, Thailand?",Resort
"How much did the accommodation cost in Phuket, Thailand?",800 €
"What transportation was used to reach Phuket, Thailand?",Flight
"What was the transportation cost to Phuket, Thailand?",500 €
"What was the total budget for the trip to Phuket, Thailand?",1300.0 € (Transport: 500 € + Accommodation: 800 €)
What is the destination of the trip starting on 01/07/2023?,"Bali, Indonesia"
"When did the trip to Bali, Indonesia start?",01/07/2023
"How long was the trip to Bali, Indonesia?",7.0 days
"What nationality was the traveler to Bali, Indonesia?",Korean
"What type of accommodation was used in Bali, Indonesia?",Villa
"How much did the accommodation cost in Bali, Indonesia?",1000 €
"What transportation was used to reach Bali, Indonesia?",Flight
"What was the transportation cost to Bali, Indonesia?",700 €
"What was the total budget for the trip to Bali, Indonesia?",1700.0 € (Transport: 700 € + Accommodation: 1000 €)
What is the destination of the trip starting on 15/08/2023?,"New York, USA"
"When did the trip to New York, USA start?",15/08/2023
"How long was the trip to New York, USA?",14.0 days
"What nationality was the traveler to New York, USA?",British
"What type of accommodation was used in New York, USA?",Hotel
"How much did the accommodation cost in New York, USA?",2000 €
"What transportation was used to reach New York, USA?",Flight
"What was the transportation cost to New York, USA?",1000 €
"What was the total budget for the trip to New York, USA?",3000.0 € (Transport: 1000 € + Accommodation: 2000 €)
What is the destination of the trip starting on 10/09/2023?,"Tokyo, Japan"
"When did the trip to Tokyo, Japan start?",10/09/2023
"How long was the trip to Tokyo, Japan?",7.0 days
"What nationality was the traveler to Tokyo, Japan?",Vietnamese
"What type of accommodation was used in Tokyo, Japan?",Airbnb
"How much did the accommodation cost in Tokyo, Japan?",700 €
"What transportation was used to reach Tokyo, Japan?",Train
"What was the transportation cost to Tokyo, Japan?",200 €
"What was the total budget for the trip to Tokyo, Japan?",900.0 € (Transport: 200 € + Accommodation: 700 €)
What is the destination of the trip starting on 05/10/2023?,"Paris, France"
"When did the trip to Paris, France start?",05/10/2023
"How long was the trip to Paris, France?",5.0 days
"What nationality was the traveler to Paris, France?",American
"What type of accommodation was used in Paris, France?",Hotel
"How much did the accommodation cost in Paris, France?",1500 €
"What transportation was used to reach Paris, France?",Flight
"What was the transportation cost to Paris, France?",800 €
"What was the total budget for the trip to Paris, France?",2300.0 € (Transport: 800 € + Accommodation: 1500 €)
What is the destination of the trip starting on 20/11/2023?,"Sydney, Australia"
"When did the trip to Sydney, Australia start?",20/11/2023
"How long was the trip to Sydney, Australia?",10.0 days
"What nationality was the traveler to Sydney, Australia?",Australian
"What type of accommodation was used in Sydney, Australia?",Hostel
"How much did the accommodation cost in Sydney, Australia?",500 €
"What transportation was used to reach Sydney, Australia?",Flight
"What was the transportation cost to Sydney, Australia?",1200 €
"What was the total budget for the trip to Sydney, Australia?",1700.0 € (Transport: 1200 € + Accommodation: 500 €)
What is the destination of the trip starting on 05/01/2024?,"Rio de Janeiro, Brazil"
"When did the trip to Rio de Janeiro, Brazil start?",05/01/2024
"How long was the trip to Rio de Janeiro, Brazil?",7.0 days
"What nationality was the traveler to Rio de Janeiro, Brazil?",Brazilian
"What type of accommodation was used in Rio de Janeiro, Brazil?",Airbnb
"How much did the accommodation cost in Rio de Janeiro, Brazil?",900 €
"What transportation was used to reach Rio de Janeiro, Brazil?",Flight
"What was the transportation cost to Rio de Janeiro, Brazil?",600 €
"What was the total budget for the trip to Rio de Janeiro, Brazil?",1500.0 € (Transport: 600 € + Accommodation: 900 €)
What is the destination of the trip starting on 14/02/2024?,"Amsterdam, Netherlands"
"When did the trip to Amsterdam, Netherlands start?",14/02/2024
"How long was the trip to Amsterdam, Netherlands?",7.0 days
"What nationality was the traveler to Amsterdam, Netherlands?",Dutch
"What type of accommodation was used in Amsterdam, Netherlands?",Hotel
"How much did the accommodation cost in Amsterdam, Netherlands?",1200 €
"What transportation was used to reach Amsterdam, Netherlands?",Train
"What was the transportation cost to Amsterdam, Netherlands?",200 €
"What was the total budget for the trip to Amsterdam, Netherlands?",1400.0 € (Transport: 200 € + Accommodation: 1200 €)
What is the destination of the trip starting on 10/03/2024?,"Dubai, United Arab Emirates"
"When did the trip to Dubai, United Arab Emirates start?",10/03/2024
"How long was the trip to Dubai, United Arab Emirates?",7.0 days
"What nationality was the traveler to Dubai, United Arab Emirates?",Emirati
"What type of accommodation was used in Dubai, United Arab Emirates?",Resort
"How much did the accommodation cost in Dubai, United Arab Emirates?",2500 €
"What transportation was used to reach Dubai, United Arab Emirates?",Flight
"What was the transportation cost to Dubai, United Arab Emirates?",800 €
"What was the total budget for the trip to Dubai, United Arab Emirates?",3300.0 € (Transport: 800 € + Accommodation: 2500 €)
What is the destination of the trip starting on 01/04/2024?,"Cancun, Mexico"
"When did the trip to Cancun, Mexico start?",01/04/2024
"How long was the trip to Cancun, Mexico?",7.0 days
"What nationality was the traveler to Cancun, Mexico?",Mexican
"What type of accommodation was used in Cancun, Mexico?",Hotel
"How much did the accommodation cost in Cancun, Mexico?",1000 €
"What transportation was used to reach Cancun, Mexico?",Flight
"What was the transportation cost to Cancun, Mexico?",500 €
"What was the total budget for the trip to Cancun, Mexico?",1500.0 € (Transport: 500 € + Accommodation: 1000 €)
What is the destination of the trip starting on 15/05/2024?,"Barcelona, Spain"
"When did the trip to Barcelona, Spain start?",15/05/2024
"How long was the trip to Barcelona, Spain?",7.0 days
"What nationality was the traveler to Barcelona, Spain?",Spanish
"What type of accommodation was used in Barcelona, Spain?",Airbnb
"How much did the accommodation cost in Barcelona, Spain?",800 €
"What transportation was used to reach Barcelona, Spain?",Train
"What was the transportation cost to Barcelona, Spain?",100 €
"What was the total budget for the trip to Barcelona, Spain?",900.0 € (Transport: 100 € + Accommodation: 800 €)
What is the destination of the trip starting on 10/06/2024?,"Honolulu, Hawaii"
"When did the trip to Honolulu, Hawaii start?",10/06/2024
"How long was the trip to Honolulu, Hawaii?",8.0 days
"What nationality was the traveler to Honolulu, Hawaii?",Chinese
"What type of accommodation was used in Honolulu, Hawaii?",Resort
"How much did the accommodation cost in Honolulu, Hawaii?",3000 €
"What transportation was used to reach Honolulu, Hawaii?",Flight
"What was the transportation cost to Honolulu, Hawaii?",1200 €
"What was the total budget for the trip to Honolulu, Hawaii?",4200.0 € (Transport: 1200 € + Accommodation: 3000 €)
What is the destination of the trip starting on 01/07/2024?,"Berlin, Germany"
"When did the trip to Berlin, Germany start?",01/07/2024
"How long was the trip to Berlin, Germany?",9.0 days
"What nationality was the traveler to Berlin, Germany?",German
"What type of accommodation was used in Berlin, Germany?",Hotel
"How much did the accommodation cost in Berlin, Germany?",1400 €
"What transportation was used to reach Berlin, Germany?",Flight
"What was the transportation cost to Berlin, Germany?",700 €
"What was the total budget for the trip to Berlin, Germany?",2100.0 € (Transport: 700 € + Accommodation: 1400 €)
What is the destination of the trip starting on 20/08/2024?,"Marrakech, Morocco"
"When did the trip to Marrakech, Morocco start?",20/08/2024
"How long was the trip to Marrakech, Morocco?",7.0 days
"What nationality was the traveler to Marrakech, Morocco?",Moroccan
"What type of accommodation was used in Marrakech, Morocco?",Riad
"How much did the accommodation cost in Marrakech, Morocco?",600 €
"What transportation was used to reach Marrakech, Morocco?",Flight
"What was the transportation cost to Marrakech, Morocco?",400 €
"What was the total budget for the trip to Marrakech, Morocco?",1000.0 € (Transport: 400 € + Accommodation: 600 €)
What is the destination of the trip starting on 05/09/2024?,"Edinburgh, Scotland"
"When did the trip to Edinburgh, Scotland start?",05/09/2024
"How long was the trip to Edinburgh, Scotland?",7.0 days
"What nationality was the traveler to Edinburgh, Scotland?",Scottish
"What type of accommodation was used in Edinburgh, Scotland?",Hotel
"How much did the accommodation cost in Edinburgh, Scotland?",900 €
"What transportation was used to reach Edinburgh, Scotland?",Train
"What was the transportation cost to Edinburgh, Scotland?",150 €
"What was the total budget for the trip to Edinburgh, Scotland?",1050.0 € (Transport: 150 € + Accommodation: 900 €)
What is the destination of the trip starting on 01/09/2023?,Paris
When did the trip to Paris start?,01/09/2023
How long was the trip to Paris?,9.0 days
What nationality was the traveler to Paris?,American
What type of accommodation was used in Paris?,Hotel
How much did the accommodation cost in Paris?,$900  €
What transportation was used to reach Paris?,Plane
What was the transportation cost to Paris?,$400  €
What was the total budget for the trip to Paris?,1300.0 € (Transport: $400  € + Accommodation: $900  €)
What is the destination of the trip starting on 15/08/2023?,Bali
When did the trip to Bali start?,15/08/2023
How long was the trip to Bali?,10.0 days
What nationality was the traveler to Bali?,Chinese
What type of accommodation was used in Bali?,Resort
How much did the accommodation cost in Bali?,"$1,500  €"
What transportation was used to reach Bali?,Plane
What was the transportation cost to Bali?,$700  €
What was the total budget for the trip to Bali?,"2200.0 € (Transport: $700  € + Accommodation: $1,500  €)"
What is the destination of the trip starting on 22/07/2023?,London
When did the trip to London start?,22/07/2023
How long was the trip to London?,6.0 days
What nationality was the traveler to London?,British
What type of accommodation was used in London?,Hotel
How much did the accommodation cost in London?,"$1,200  €"
What transportation was used to reach London?,Train
What was the transportation cost to London?,$150  €
What was the total budget for the trip to London?,"1350.0 € (Transport: $150  € + Accommodation: $1,200  €)"
What is the destination of the trip starting on 05/10/2023?,Tokyo
When did the trip to Tokyo start?,05/10/2023
How long was the trip to Tokyo?,10.0 days
What nationality was the traveler to Tokyo?,Japanese
What type of accommodation was used in Tokyo?,Hotel
How much did the accommodation cost in Tokyo?,"$1,200  €"
What transportation was used to reach Tokyo?,Plane
What was the transportation cost to Tokyo?,$800  €
What was the total budget for the trip to Tokyo?,"2000.0 € (Transport: $800  € + Accommodation: $1,200  €)"
What is the destination of the trip starting on 20/11/2023?,New York
When did the trip to New York start?,20/11/2023
How long was the trip to New York?,5.0 days
What nationality was the traveler to New York?,American
What type of accommodation was used in New York?,Airbnb
How much did the accommodation cost in New York?,$600  €
What transportation was used to reach New York?,Bus
What was the transportation cost to New York?,$100  €
What was the total budget for the trip to New York?,700.0 € (Transport: $100  € + Accommodation: $600  €)
What is the destination of the trip starting on 05/12/2023?,Sydney
When did the trip to Sydney start?,05/12/2023
How long was the trip to Sydney?,7.0 days
What nationality was the traveler to Sydney?,Australian
What type of accommodation was used in Sydney?,Hotel
How much did the accommodation cost in Sydney?,"$1,000  €"
What transportation was used to reach Sydney?,Plane
What was the transportation cost to Sydney?,$600  €
What was the total budget for the trip to Sydney?,"1600.0 € (Transport: $600  € + Accommodation: $1,000  €)"
What is the destination of the trip starting on 01/11/2023?,Rome
When did the trip to Rome start?,01/11/2023
How long was the trip to Rome?,7.0 days
What nationality was the traveler to Rome?,Italian
What type of accommodation was used in Rome?,Airbnb
How much did the accommodation cost in Rome?,$700  €
What transportation was used to reach Rome?,Train
What was the transportation cost to Rome?,$80  €
What was the total budget for the trip to Rome?,780.0 € (Transport: $80  € + Accommodation: $700  €)
What is the destination of the trip starting on 15/09/2023?,Bangkok
When did the trip to Bangkok start?,15/09/2023
How long was the trip to Bangkok?,8.0 days
What nationality was the traveler to Bangkok?,Indian
What type of accommodation was used in Bangkok?,Hostel
How much did the accommodation cost in Bangkok?,$400  €
What transportation was used to reach Bangkok?,Plane
What was the transportation cost to Bangkok?,$500  €
What was the total budget for the trip to Bangkok?,900.0 € (Transport: $500  € + Accommodation: $400  €)
What is the destination of the trip starting on 22/12/2023?,Paris
When did the trip to Paris start?,22/12/2023
How long was the trip to Paris?,6.0 days
What nationality was the traveler to Paris?,Vietnamese
What type of accommodation was used in Paris?,Hotel
How much did the accommodation cost in Paris?,"$1,400  €"
What transportation was used to reach Paris?,Train
What was the transportation cost to Paris?,$100  €
What was the total budget for the trip to Paris?,"1500.0 € (Transport: $100  € + Accommodation: $1,400  €)"
What is the destination of the trip starting on 01/08/2023?,Hawaii
When did the trip to Hawaii start?,01/08/2023
How long was the trip to Hawaii?,9.0 days
What nationality was the traveler to Hawaii?,Korean
What type of accommodation was used in Hawaii?,Resort
How much did the accommodation cost in Hawaii?,"$2,000  €"
What transportation was used to reach Hawaii?,Plane
What was the transportation cost to Hawaii?,$800  €
What was the total budget for the trip to Hawaii?,"2800.0 € (Transport: $800  € + Accommodation: $2,000  €)"
What is the destination of the trip starting on 20/10/2023?,Barcelona
When did the trip to Barcelona start?,20/10/2023
How long was the trip to Barcelona?,8.0 days
What nationality was the traveler to Barcelona?,Spanish
What type of accommodation was used in Barcelona?,Hotel
How much did the accommodation cost in Barcelona?,"$1,100  €"
What transportation was used to reach Barcelona?,Train
What was the transportation cost to Barcelona?,$150  €
What was the total budget for the trip to Barcelona?,"1250.0 € (Transport: $150  € + Accommodation: $1,100  €)"
What is the destination of the trip starting on 10/05/2022?,Japan
When did the trip to Japan start?,10/05/2022
How long was the trip to Japan?,8.0 days
What nationality was the traveler to Japan?,American
What type of accommodation was used in Japan?,Hotel
How much did the accommodation cost in Japan?,$800  €
What transportation was used to reach Japan?,Plane
What was the transportation cost to Japan?,$500  €
What was the total budget for the trip to Japan?,1300.0 € (Transport: $500  € + Accommodation: $800  €)
What is the destination of the trip starting on 15/06/2022?,Thailand
When did the trip to Thailand start?,15/06/2022
How long was the trip to Thailand?,7.0 days
What nationality was the traveler to Thailand?,Canadian
What type of accommodation was used in Thailand?,Hostel
How much did the accommodation cost in Thailand?,$200  €
What transportation was used to reach Thailand?,Train
What was the transportation cost to Thailand?,$150  €
What was the total budget for the trip to Thailand?,350.0 € (Transport: $150  € + Accommodation: $200  €)
What is the destination of the trip starting on 02/07/2022?,France
When did the trip to France start?,02/07/2022
How long was the trip to France?,9.0 days
What nationality was the traveler to France?,Korean
What type of accommodation was used in France?,Airbnb
How much did the accommodation cost in France?,$600  €
What transportation was used to reach France?,Car rental
What was the transportation cost to France?,$300  €
What was the total budget for the trip to France?,900.0 € (Transport: $300  € + Accommodation: $600  €)
What is the destination of the trip starting on 20/08/2022?,Australia
When did the trip to Australia start?,20/08/2022
How long was the trip to Australia?,13.0 days
What nationality was the traveler to Australia?,British
What type of accommodation was used in Australia?,Hotel
How much did the accommodation cost in Australia?,"$1,000  €"
What transportation was used to reach Australia?,Car rental
What was the transportation cost to Australia?,$500  €
What was the total budget for the trip to Australia?,"1500.0 € (Transport: $500  € + Accommodation: $1,000  €)"
What is the destination of the trip starting on 05/09/2022?,Brazil
When did the trip to Brazil start?,05/09/2022
How long was the trip to Brazil?,9.0 days
What nationality was the traveler to Brazil?,Australian
What type of accommodation was used in Brazil?,Hostel
How much did the accommodation cost in Brazil?,$150  €
What transportation was used to reach Brazil?,Bus
What was the transportation cost to Brazil?,$50  €
What was the total budget for the trip to Brazil?,200.0 € (Transport: $50  € + Accommodation: $150  €)
What is the destination of the trip starting on 12/10/2022?,Greece
When did the trip to Greece start?,12/10/2022
How long was the trip to Greece?,8.0 days
What nationality was the traveler to Greece?,American
What type of accommodation was used in Greece?,Airbnb
How much did the accommodation cost in Greece?,$400  €
What transportation was used to reach Greece?,Plane
What was the transportation cost to Greece?,$600  €
What was the total budget for the trip to Greece?,1000.0 € (Transport: $600  € + Accommodation: $400  €)
What is the destination of the trip starting on 08/11/2022?,Egypt
When did the trip to Egypt start?,08/11/2022
How long was the trip to Egypt?,7.0 days
What nationality was the traveler to Egypt?,Canadian
What type of accommodation was used in Egypt?,Hotel
How much did the accommodation cost in Egypt?,$700  €
What transportation was used to reach Egypt?,Train
What was the transportation cost to Egypt?,$100  €
What was the total budget for the trip to Egypt?,800.0 € (Transport: $100  € + Accommodation: $700  €)
What is the destination of the trip starting on 05/01/2023?,Mexico
When did the trip to Mexico start?,05/01/2023
How long was the trip to Mexico?,10.0 days
What nationality was the traveler to Mexico?,British
What type of accommodation was used in Mexico?,Airbnb
How much did the accommodation cost in Mexico?,$500  €
What transportation was used to reach Mexico?,Plane
What was the transportation cost to Mexico?,$800  €
What was the total budget for the trip to Mexico?,1300.0 € (Transport: $800  € + Accommodation: $500  €)
What is the destination of the trip starting on 14/02/2023?,Italy
When did the trip to Italy start?,14/02/2023
How long was the trip to Italy?,6.0 days
What nationality was the traveler to Italy?,American
What type of accommodation was used in Italy?,Hostel
How much did the accommodation cost in Italy?,$180  €
What transportation was used to reach Italy?,Train
What was the transportation cost to Italy?,$120  €
What was the total budget for the trip to Italy?,300.0 € (Transport: $120  € + Accommodation: $180  €)
What is the destination of the trip starting on 23/03/2023?,Spain
When did the trip to Spain start?,23/03/2023
How long was the trip to Spain?,8.0 days
What nationality was the traveler to Spain?,Korean
What type of accommodation was used in Spain?,Hotel
How much did the accommodation cost in Spain?,$900  €
What transportation was used to reach Spain?,Car rental
What was the transportation cost to Spain?,$400  €
What was the total budget for the trip to Spain?,1300.0 € (Transport: $400  € + Accommodation: $900  €)
What is the destination of the trip starting on 19/04/2023?,Canada
When did the trip to Canada start?,19/04/2023
How long was the trip to Canada?,7.0 days
What nationality was the traveler to Canada?,Australian
What type of accommodation was used in Canada?,Airbnb
How much did the accommodation cost in Canada?,$350  €
What transportation was used to reach Canada?,Bus
What was the transportation cost to Canada?,$75  €
What was the total budget for the trip to Canada?,425.0 € (Transport: $75  € + Accommodation: $350  €)
What is the destination of the trip starting on 12/06/2022?,"Paris, France"
"When did the trip to Paris, France start?",12/06/2022
"How long was the trip to Paris, France?",7.0 days
"What nationality was the traveler to Paris, France?",American
"What type of accommodation was used in Paris, France?",Hotel
"How much did the accommodation cost in Paris, France?",1400 €
"What transportation was used to reach Paris, France?",Plane
"What was the transportation cost to Paris, France?",600 €
"What was the total budget for the trip to Paris, France?",2000.0 € (Transport: 600 € + Accommodation: 1400 €)
What is the destination of the trip starting on 02/01/2023?,"Sydney, Australia"
"When did the trip to Sydney, Australia start?",02/01/2023
"How long was the trip to Sydney, Australia?",7.0 days
"What nationality was the traveler to Sydney, Australia?",Canadian
"What type of accommodation was used in Sydney, Australia?",Airbnb
"How much did the accommodation cost in Sydney, Australia?",800 €
"What transportation was used to reach Sydney, Australia?",Train
"What was the transportation cost to Sydney, Australia?",150 €
"What was the total budget for the trip to Sydney, Australia?",950.0 € (Transport: 150 € + Accommodation: 800 €)
What is the destination of the trip starting on 10/12/2022?,"Tokyo, Japan"
"When did the trip to Tokyo, Japan start?",10/12/2022
"How long was the trip to Tokyo, Japan?",8.0 days
"What nationality was the traveler to Tokyo, Japan?",Chinese
"What type of accommodation was used in Tokyo, Japan?",Hostel
"How much did the accommodation cost in Tokyo, Japan?",500 €
"What transportation was used to reach Tokyo, Japan?",Plane
"What was the transportation cost to Tokyo, Japan?",900 €
"What was the total budget for the trip to Tokyo, Japan?",1400.0 € (Transport: 900 € + Accommodation: 500 €)
What is the destination of the trip starting on 01/07/2023?,"Cancun, Mexico"
"When did the trip to Cancun, Mexico start?",01/07/2023
"How long was the trip to Cancun, Mexico?",7.0 days
"What nationality was the traveler to Cancun, Mexico?",American
"What type of accommodation was used in Cancun, Mexico?",Resort
"How much did the accommodation cost in Cancun, Mexico?",2200 €
"What transportation was used to reach Cancun, Mexico?",Plane
"What was the transportation cost to Cancun, Mexico?",800 €
"What was the total budget for the trip to Cancun, Mexico?",3000.0 € (Transport: 800 € + Accommodation: 2200 €)
What is the destination of the trip starting on 20/11/2022?,"Rio de Janeiro, Brazil"
"When did the trip to Rio de Janeiro, Brazil start?",20/11/2022
"How long was the trip to Rio de Janeiro, Brazil?",7.0 days
"What nationality was the traveler to Rio de Janeiro, Brazil?",Brazilian
"What type of accommodation was used in Rio de Janeiro, Brazil?",Hotel
"How much did the accommodation cost in Rio de Janeiro, Brazil?",1200 €
"What transportation was used to reach Rio de Janeiro, Brazil?",Plane
"What was the transportation cost to Rio de Janeiro, Brazil?",700 €
"What was the total budget for the trip to Rio de Janeiro, Brazil?",1900.0 € (Transport: 700 € + Accommodation: 1200 €)
What is the destination of the trip starting on 05/03/2023?,"London, UK"
"When did the trip to London, UK start?",05/03/2023
"How long was the trip to London, UK?",7.0 days
"What nationality was the traveler to London, UK?",British
"What type of accommodation was used in London, UK?",Airbnb
"How much did the accommodation cost in London, UK?",900 €
"What transportation was used to reach London, UK?",Train
"What was the transportation cost to London, UK?",100 €
"What was the total budget for the trip to London, UK?",1000.0 € (Transport: 100 € + Accommodation: 900 €)
What is the destination of the trip starting on 18/08/2023?,"Barcelona, Spain"
"When did the trip to Barcelona, Spain start?",18/08/2023
"How long was the trip to Barcelona, Spain?",7.0 days
"What nationality was the traveler to Barcelona, Spain?",Spanish
"What type of accommodation was used in Barcelona, Spain?",Hostel
"How much did the accommodation cost in Barcelona, Spain?",600 €
"What transportation was used to reach Barcelona, Spain?",Plane
"What was the transportation cost to Barcelona, Spain?",600 €
"What was the total budget for the trip to Barcelona, Spain?",1200.0 € (Transport: 600 € + Accommodation: 600 €)
What is the destination of the trip starting on 15/09/2022?,"New York City, USA"
"When did the trip to New York City, USA start?",15/09/2022
"How long was the trip to New York City, USA?",7.0 days
"What nationality was the traveler to New York City, USA?",American
"What type of accommodation was used in New York City, USA?",Hotel
"How much did the accommodation cost in New York City, USA?",1500 €
"What transportation was used to reach New York City, USA?",Plane
"What was the transportation cost to New York City, USA?",500 €
"What was the total budget for the trip to New York City, USA?",2000.0 € (Transport: 500 € + Accommodation: 1500 €)
What is the destination of the trip starting on 01/05/2023?,"Bangkok, Thailand"
"When did the trip to Bangkok, Thailand start?",01/05/2023
"How long was the trip to Bangkok, Thailand?",6.0 days
"What nationality was the traveler to Bangkok, Thailand?",Indian
"What type of accommodation was used in Bangkok, Thailand?",Airbnb
"How much did the accommodation cost in Bangkok, Thailand?",500 €
"What transportation was used to reach Bangkok, Thailand?",Bus
"What was the transportation cost to Bangkok, Thailand?",50 €
"What was the total budget for the trip to Bangkok, Thailand?",550.0 € (Transport: 50 € + Accommodation: 500 €)
What is the destination of the trip starting on 10/07/2022?,"Vancouver, Canada"
"When did the trip to Vancouver, Canada start?",10/07/2022
"How long was the trip to Vancouver, Canada?",7.0 days
"What nationality was the traveler to Vancouver, Canada?",Korean
"What type of accommodation was used in Vancouver, Canada?",Hostel
"How much did the accommodation cost in Vancouver, Canada?",400 €
"What transportation was used to reach Vancouver, Canada?",Train
"What was the transportation cost to Vancouver, Canada?",150 €
"What was the total budget for the trip to Vancouver, Canada?",550.0 € (Transport: 150 € + Accommodation: 400 €)
What is the destination of the trip starting on 20/06/2023?,"Amsterdam, Netherlands"
"When did the trip to Amsterdam, Netherlands start?",20/06/2023
"How long was the trip to Amsterdam, Netherlands?",8.0 days
"What nationality was the traveler to Amsterdam, Netherlands?",Dutch
"What type of accommodation was used in Amsterdam, Netherlands?",Hotel
"How much did the accommodation cost in Amsterdam, Netherlands?",1100 €
"What transportation was used to reach Amsterdam, Netherlands?",Plane
"What was the transportation cost to Amsterdam, Netherlands?",700 €
"What was the total budget for the trip to Amsterdam, Netherlands?",1800.0 € (Transport: 700 € + Accommodation: 1100 €)
What is the destination of the trip starting on 15/08/2023?,"Paris, France"
"When did the trip to Paris, France start?",15/08/2023
"How long was the trip to Paris, France?",7.0 days
"What nationality was the traveler to Paris, France?",Canadian
"What type of accommodation was used in Paris, France?",Hotel
"How much did the accommodation cost in Paris, France?","$1,200  €"
"What transportation was used to reach Paris, France?",Train
"What was the transportation cost to Paris, France?",$300  €
"What was the total budget for the trip to Paris, France?","1500.0 € (Transport: $300  € + Accommodation: $1,200  €)"
What is the destination of the trip starting on 10/10/2023?,"Tokyo, Japan"
"When did the trip to Tokyo, Japan start?",10/10/2023
"How long was the trip to Tokyo, Japan?",10.0 days
"What nationality was the traveler to Tokyo, Japan?",American
"What type of accommodation was used in Tokyo, Japan?",Hostel
"How much did the accommodation cost in Tokyo, Japan?",$500  €
"What transportation was used to reach Tokyo, Japan?",Bus
"What was the transportation cost to Tokyo, Japan?",$100  €
"What was the total budget for the trip to Tokyo, Japan?",600.0 € (Transport: $100  € + Accommodation: $500  €)
What is the destination of the trip starting on 05/11/2023?,"Sydney, AUS"
"When did the trip to Sydney, AUS start?",05/11/2023
"How long was the trip to Sydney, AUS?",7.0 days
"What nationality was the traveler to Sydney, AUS?",South Korean
"What type of accommodation was used in Sydney, AUS?",Airbnb
"How much did the accommodation cost in Sydney, AUS?",$900  €
"What transportation was used to reach Sydney, AUS?",Car rental
"What was the transportation cost to Sydney, AUS?",$200  €
"What was the total budget for the trip to Sydney, AUS?",1100.0 € (Transport: $200  € + Accommodation: $900  €)
What is the destination of the trip starting on 24/12/2023?,"New York, USA"
"When did the trip to New York, USA start?",24/12/2023
"How long was the trip to New York, USA?",7.0 days
"What nationality was the traveler to New York, USA?",Canadian
"What type of accommodation was used in New York, USA?",Hotel
"How much did the accommodation cost in New York, USA?","$1,400  €"
"What transportation was used to reach New York, USA?",Flight
"What was the transportation cost to New York, USA?",$800  €
"What was the total budget for the trip to New York, USA?","2200.0 € (Transport: $800  € + Accommodation: $1,400  €)"
What is the destination of the trip starting on 15/01/2024?,"Rio de Janeiro, Brazil"
"When did the trip to Rio de Janeiro, Brazil start?",15/01/2024
"How long was the trip to Rio de Janeiro, Brazil?",9.0 days
"What nationality was the traveler to Rio de Janeiro, Brazil?",Brazilian
"What type of accommodation was used in Rio de Janeiro, Brazil?",Airbnb
"How much did the accommodation cost in Rio de Janeiro, Brazil?",$800  €
"What transportation was used to reach Rio de Janeiro, Brazil?",Train
"What was the transportation cost to Rio de Janeiro, Brazil?",$150  €
"What was the total budget for the trip to Rio de Janeiro, Brazil?",950.0 € (Transport: $150  € + Accommodation: $800  €)
What is the destination of the trip starting on 01/02/2024?,"Bangkok, Thailand"
"When did the trip to Bangkok, Thailand start?",01/02/2024
"How long was the trip to Bangkok, Thailand?",8.0 days
"What nationality was the traveler to Bangkok, Thailand?",Indian
"What type of accommodation was used in Bangkok, Thailand?",Hostel
"How much did the accommodation cost in Bangkok, Thailand?",$400  €
"What transportation was used to reach Bangkok, Thailand?",Bus
"What was the transportation cost to Bangkok, Thailand?",$50  €
"What was the total budget for the trip to Bangkok, Thailand?",450.0 € (Transport: $50  € + Accommodation: $400  €)
What is the destination of the trip starting on 15/03/2024?,"London, UK"
"When did the trip to London, UK start?",15/03/2024
"How long was the trip to London, UK?",8.0 days
"What nationality was the traveler to London, UK?",British
"What type of accommodation was used in London, UK?",Hotel
"How much did the accommodation cost in London, UK?","$1,000  €"
"What transportation was used to reach London, UK?",Train
"What was the transportation cost to London, UK?",$200  €
"What was the total budget for the trip to London, UK?","1200.0 € (Transport: $200  € + Accommodation: $1,000  €)"
What is the destination of the trip starting on 05/04/2024?,"Barcelona, Spain"
"When did the trip to Barcelona, Spain start?",05/04/2024
"How long was the trip to Barcelona, Spain?",8.0 days
"What nationality was the traveler to Barcelona, Spain?",Spanish
"What type of accommodation was used in Barcelona, Spain?",Airbnb
"How much did the accommodation cost in Barcelona, Spain?",$700  €
"What transportation was used to reach Barcelona, Spain?",Car rental
"What was the transportation cost to Barcelona, Spain?",$250  €
"What was the total budget for the trip to Barcelona, Spain?",950.0 € (Transport: $250  € + Accommodation: $700  €)
What is the destination of the trip starting on 10/05/2024?,"Seoul, South Korea"
"When did the trip to Seoul, South Korea start?",10/05/2024
"How long was the trip to Seoul, South Korea?",8.0 days
"What nationality was the traveler to Seoul, South Korea?",South Korean
"What type of accommodation was used in Seoul, South Korea?",Hostel
"How much did the accommodation cost in Seoul, South Korea?",$500  €
"What transportation was used to reach Seoul, South Korea?",Subway
"What was the transportation cost to Seoul, South Korea?",$20  €
"What was the total budget for the trip to Seoul, South Korea?",520.0 € (Transport: $20  € + Accommodation: $500  €)
What is the destination of the trip starting on 20/06/2024?,"Los Angeles, USA"
"When did the trip to Los Angeles, USA start?",20/06/2024
"How long was the trip to Los Angeles, USA?",7.0 days
"What nationality was the traveler to Los Angeles, USA?",Chinese
"What type of accommodation was used in Los Angeles, USA?",Hotel
"How much did the accommodation cost in Los Angeles, USA?","$1,200  €"
"What transportation was used to reach Los Angeles, USA?",Car rental
"What was the transportation cost to Los Angeles, USA?",$300  €
"What was the total budget for the trip to Los Angeles, USA?","1500.0 € (Transport: $300  € + Accommodation: $1,200  €)"
What is the destination of the trip starting on 15/07/2024?,"Rome, Italy"
"When did the trip to Rome, Italy start?",15/07/2024
"How long was the trip to Rome, Italy?",8.0 days
"What nationality was the traveler to Rome, Italy?",Italian
"What type of accommodation was used in Rome, Italy?",Airbnb
"How much did the accommodation cost in Rome, Italy?",$800  €
"What transportation was used to reach Rome, Italy?",Train
"What was the transportation cost to Rome, Italy?",$100  €
"What was the total budget for the trip to Rome, Italy?",900.0 € (Transport: $100  € + Accommodation: $800  €)
What is the destination of the trip starting on 12/07/2022?,Paris
When did the trip to Paris start?,12/07/2022
How long was the trip to Paris?,6.0 days
What nationality was the traveler to Paris?,American
What type of accommodation was used in Paris?,Hotel
How much did the accommodation cost in Paris?,1200 €
What transportation was used to reach Paris?,Plane
What was the transportation cost to Paris?,800 €
What was the total budget for the trip to Paris?,2000.0 € (Transport: 800 € + Accommodation: 1200 €)
What is the destination of the trip starting on 03/09/2022?,Tokyo
When did the trip to Tokyo start?,03/09/2022
How long was the trip to Tokyo?,7.0 days
What nationality was the traveler to Tokyo?,Japanese
What type of accommodation was used in Tokyo?,Hostel
How much did the accommodation cost in Tokyo?,400 €
What transportation was used to reach Tokyo?,Train
What was the transportation cost to Tokyo?,300 €
What was the total budget for the trip to Tokyo?,700.0 € (Transport: 300 € + Accommodation: 400 €)
What is the destination of the trip starting on 07/01/2023?,Cape Town
When did the trip to Cape Town start?,07/01/2023
How long was the trip to Cape Town?,9.0 days
What nationality was the traveler to Cape Town?,British
What type of accommodation was used in Cape Town?,Vacation rental
How much did the accommodation cost in Cape Town?,800 €
What transportation was used to reach Cape Town?,Car rental
What was the transportation cost to Cape Town?,200 €
What was the total budget for the trip to Cape Town?,1000.0 € (Transport: 200 € + Accommodation: 800 €)
What is the destination of the trip starting on 23/06/2023?,Sydney
When did the trip to Sydney start?,23/06/2023
How long was the trip to Sydney?,6.0 days
What nationality was the traveler to Sydney?,Australian
What type of accommodation was used in Sydney?,Hotel
How much did the accommodation cost in Sydney?,1500 €
What transportation was used to reach Sydney?,Plane
What was the transportation cost to Sydney?,1200 €
What was the total budget for the trip to Sydney?,2700.0 € (Transport: 1200 € + Accommodation: 1500 €)
What is the destination of the trip starting on 18/08/2023?,Barcelona
When did the trip to Barcelona start?,18/08/2023
How long was the trip to Barcelona?,7.0 days
What nationality was the traveler to Barcelona?,Spanish
What type of accommodation was used in Barcelona?,Vacation rental
How much did the accommodation cost in Barcelona?,900 €
What transportation was used to reach Barcelona?,Plane
What was the transportation cost to Barcelona?,700 €
What was the total budget for the trip to Barcelona?,1600.0 € (Transport: 700 € + Accommodation: 900 €)
What is the destination of the trip starting on 01/02/2024?,Bali
When did the trip to Bali start?,01/02/2024
How long was the trip to Bali?,7.0 days
What nationality was the traveler to Bali?,American
What type of accommodation was used in Bali?,Resort
How much did the accommodation cost in Bali?,2200 €
What transportation was used to reach Bali?,Plane
What was the transportation cost to Bali?,1000 €
What was the total budget for the trip to Bali?,3200.0 € (Transport: 1000 € + Accommodation: 2200 €)
What is the destination of the trip starting on 06/05/2024?,Paris
When did the trip to Paris start?,06/05/2024
How long was the trip to Paris?,6.0 days
What nationality was the traveler to Paris?,French
What type of accommodation was used in Paris?,Hotel
How much did the accommodation cost in Paris?,1100 €
What transportation was used to reach Paris?,Train
What was the transportation cost to Paris?,200 €
What was the total budget for the trip to Paris?,1300.0 € (Transport: 200 € + Accommodation: 1100 €)
What is the destination of the trip starting on 20/07/2024?,New York
When did the trip to New York start?,20/07/2024
How long was the trip to New York?,6.0 days
What nationality was the traveler to New York?,American
What type of accommodation was used in New York?,Vacation rental
How much did the accommodation cost in New York?,1000 €
What transportation was used to reach New York?,Plane
What was the transportation cost to New York?,800 €
What was the total budget for the trip to New York?,1800.0 € (Transport: 800 € + Accommodation: 1000 €)
What is the destination of the trip starting on 08/09/2024?,Bangkok
When did the trip to Bangkok start?,08/09/2024
How long was the trip to Bangkok?,8.0 days
What nationality was the traveler to Bangkok?,Indian
What type of accommodation was used in Bangkok?,Hostel
How much did the accommodation cost in Bangkok?,300 €
What transportation was used to reach Bangkok?,Plane
What was the transportation cost to Bangkok?,700 €
What was the total budget for the trip to Bangkok?,1000.0 € (Transport: 700 € + Accommodation: 300 €)
What is the destination of the trip starting on 14/02/2025?,Rome
When did the trip to Rome start?,14/02/2025
How long was the trip to Rome?,6.0 days
What nationality was the traveler to Rome?,Italian
What type of accommodation was used in Rome?,Hotel
How much did the accommodation cost in Rome?,1300 €
What transportation was used to reach Rome?,Train
What was the transportation cost to Rome?,100 €
What was the total budget for the trip to Rome?,1400.0 € (Transport: 100 € + Accommodation: 1300 €)
What is the destination of the trip starting on 21/05/2025?,Bali
When did the trip to Bali start?,21/05/2025
How long was the trip to Bali?,8.0 days
What nationality was the traveler to Bali?,British
What type of accommodation was used in Bali?,Resort
How much did the accommodation cost in Bali?,1800 €
What transportation was used to reach Bali?,Plane
What was the transportation cost to Bali?,1000 €
What was the total budget for the trip to Bali?,2800.0 € (Transport: 1000 € + Accommodation: 1800 €)
What is the destination of the trip starting on nan?,
When did the trip to nan start?,
How long was the trip to nan?,nan days
What nationality was the traveler to nan?,
What type of accommodation was used in nan?,
How much did the accommodation cost in nan?,nan €
What transportation was used to reach nan?,
What was the transportation cost to nan?,nan €
What was the total budget for the trip to nan?,nan € (Transport: nan € + Accommodation: nan €)
What is the destination of the trip starting on 05/08/2022?,"Bali, Indonesia"
"When did the trip to Bali, Indonesia start?",05/08/2022
"How long was the trip to Bali, Indonesia?",7.0 days
"What nationality was the traveler to Bali, Indonesia?",South Korean
"What type of accommodation was used in Bali, Indonesia?",Resort
"How much did the accommodation cost in Bali, Indonesia?",500 USD €
"What transportation was used to reach Bali, Indonesia?",Plane
"What was the transportation cost to Bali, Indonesia?",800 USD €
"What was the total budget for the trip to Bali, Indonesia?",1300.0 € (Transport: 800 USD € + Accommodation: 500 USD €)
What is the destination of the trip starting on 01/01/2023?,"Tokyo, Japan"
"When did the trip to Tokyo, Japan start?",01/01/2023
"How long was the trip to Tokyo, Japan?",8.0 days
"What nationality was the traveler to Tokyo, Japan?",American
"What type of accommodation was used in Tokyo, Japan?",Hotel
"How much did the accommodation cost in Tokyo, Japan?",1000 USD €
"What transportation was used to reach Tokyo, Japan?",Train
"What was the transportation cost to Tokyo, Japan?",200 USD €
"What was the total budget for the trip to Tokyo, Japan?",1200.0 € (Transport: 200 USD € + Accommodation: 1000 USD €)
What is the destination of the trip starting on 15/04/2023?,"Cancun, Mexico"
"When did the trip to Cancun, Mexico start?",15/04/2023
"How long was the trip to Cancun, Mexico?",7.0 days
"What nationality was the traveler to Cancun, Mexico?",Mexican
"What type of accommodation was used in Cancun, Mexico?",Resort
"How much did the accommodation cost in Cancun, Mexico?",800 USD €
"What transportation was used to reach Cancun, Mexico?",Plane
"What was the transportation cost to Cancun, Mexico?",500 USD €
"What was the total budget for the trip to Cancun, Mexico?",1300.0 € (Transport: 500 USD € + Accommodation: 800 USD €)
What is the destination of the trip starting on 07/06/2023?,"Paris, France"
"When did the trip to Paris, France start?",07/06/2023
"How long was the trip to Paris, France?",7.0 days
"What nationality was the traveler to Paris, France?",British
"What type of accommodation was used in Paris, France?",Hotel
"How much did the accommodation cost in Paris, France?",1200 USD €
"What transportation was used to reach Paris, France?",Plane
"What was the transportation cost to Paris, France?",700 USD €
"What was the total budget for the trip to Paris, France?",1900.0 € (Transport: 700 USD € + Accommodation: 1200 USD €)
What is the destination of the trip starting on 01/09/2023?,"Cape Town, SA"
"When did the trip to Cape Town, SA start?",01/09/2023
"How long was the trip to Cape Town, SA?",9.0 days
"What nationality was the traveler to Cape Town, SA?",South African
"What type of accommodation was used in Cape Town, SA?",Guesthouse
"How much did the accommodation cost in Cape Town, SA?",400 USD €
"What transportation was used to reach Cape Town, SA?",Car
"What was the transportation cost to Cape Town, SA?",300 USD €
"What was the total budget for the trip to Cape Town, SA?",700.0 € (Transport: 300 USD € + Accommodation: 400 USD €)
What is the destination of the trip starting on 12/11/2023?,"Bali, Indonesia"
"When did the trip to Bali, Indonesia start?",12/11/2023
"How long was the trip to Bali, Indonesia?",7.0 days
"What nationality was the traveler to Bali, Indonesia?",Taiwanese
"What type of accommodation was used in Bali, Indonesia?",Resort
"How much did the accommodation cost in Bali, Indonesia?",600 USD €
"What transportation was used to reach Bali, Indonesia?",Plane
"What was the transportation cost to Bali, Indonesia?",700 USD €
"What was the total budget for the trip to Bali, Indonesia?",1300.0 € (Transport: 700 USD € + Accommodation: 600 USD €)
What is the destination of the trip starting on 05/02/2024?,"Sydney, Aus"
"When did the trip to Sydney, Aus start?",05/02/2024
"How long was the trip to Sydney, Aus?",7.0 days
"What nationality was the traveler to Sydney, Aus?",Australian
"What type of accommodation was used in Sydney, Aus?",Hotel
"How much did the accommodation cost in Sydney, Aus?",900 USD €
"What transportation was used to reach Sydney, Aus?",Plane
"What was the transportation cost to Sydney, Aus?",600 USD €
"What was the total budget for the trip to Sydney, Aus?",1500.0 € (Transport: 600 USD € + Accommodation: 900 USD €)
What is the destination of the trip starting on 15/05/2024?,"Bangkok, Thai"
"When did the trip to Bangkok, Thai start?",15/05/2024
"How long was the trip to Bangkok, Thai?",7.0 days
"What nationality was the traveler to Bangkok, Thai?",Korean
"What type of accommodation was used in Bangkok, Thai?",Hotel
"How much did the accommodation cost in Bangkok, Thai?",400 USD €
"What transportation was used to reach Bangkok, Thai?",Plane
"What was the transportation cost to Bangkok, Thai?",400 USD €
"What was the total budget for the trip to Bangkok, Thai?",800.0 € (Transport: 400 USD € + Accommodation: 400 USD €)
What is the destination of the trip starting on 20/08/2024?,"New York, USA"
"When did the trip to New York, USA start?",20/08/2024
"How long was the trip to New York, USA?",7.0 days
"What nationality was the traveler to New York, USA?",American
"What type of accommodation was used in New York, USA?",Hotel
"How much did the accommodation cost in New York, USA?",1500 USD €
"What transportation was used to reach New York, USA?",Plane
"What was the transportation cost to New York, USA?",1000 USD €
"What was the total budget for the trip to New York, USA?",2500.0 € (Transport: 1000 USD € + Accommodation: 1500 USD €)
What is the destination of the trip starting on 01/01/2025?,"Phuket, Thai"
"When did the trip to Phuket, Thai start?",01/01/2025
"How long was the trip to Phuket, Thai?",7.0 days
"What nationality was the traveler to Phuket, Thai?",British
"What type of accommodation was used in Phuket, Thai?",Resort
"How much did the accommodation cost in Phuket, Thai?",700 USD €
"What transportation was used to reach Phuket, Thai?",Plane
"What was the transportation cost to Phuket, Thai?",800 USD €
"What was the total budget for the trip to Phuket, Thai?",1500.0 € (Transport: 800 USD € + Accommodation: 700 USD €)
What is the destination of the trip starting on 15/04/2025?,"Rome, Italy"
"When did the trip to Rome, Italy start?",15/04/2025
"How long was the trip to Rome, Italy?",7.0 days
"What nationality was the traveler to Rome, Italy?",American
"What type of accommodation was used in Rome, Italy?",Hotel
"How much did the accommodation cost in Rome, Italy?",100 €
"What transportation was used to reach Rome, Italy?",
"What was the transportation cost to Rome, Italy?",nan €
"What was the total budget for the trip to Rome, Italy?",nan € (Transport: nan € + Accommodation: 100 €)
What is the destination of the trip starting on 15/06/2021?,Paris
When did the trip to Paris start?,15/06/2021
How long was the trip to Paris?,6.0 days
What nationality was the traveler to Paris?,American
What type of accommodation was used in Paris?,Hotel
How much did the accommodation cost in Paris?,800 USD €
What transportation was used to reach Paris?,Plane
What was the transportation cost to Paris?,500 USD €
What was the total budget for the trip to Paris?,1300.0 € (Transport: 500 USD € + Accommodation: 800 USD €)
What is the destination of the trip starting on 01/07/2021?,Tokyo
When did the trip to Tokyo start?,01/07/2021
How long was the trip to Tokyo?,10.0 days
What nationality was the traveler to Tokyo?,Korean
What type of accommodation was used in Tokyo?,Airbnb
How much did the accommodation cost in Tokyo?,500 USD €
What transportation was used to reach Tokyo?,Train
What was the transportation cost to Tokyo?,300 USD €
What was the total budget for the trip to Tokyo?,800.0 € (Transport: 300 USD € + Accommodation: 500 USD €)
What is the destination of the trip starting on 10/08/2021?,Bali
When did the trip to Bali start?,10/08/2021
How long was the trip to Bali?,11.0 days
What nationality was the traveler to Bali?,Spanish
What type of accommodation was used in Bali?,Resort
How much did the accommodation cost in Bali?,1200 USD €
What transportation was used to reach Bali?,Plane
What was the transportation cost to Bali?,700 USD €
What was the total budget for the trip to Bali?,1900.0 € (Transport: 700 USD € + Accommodation: 1200 USD €)
What is the destination of the trip starting on 01/09/2021?,Sydney
When did the trip to Sydney start?,01/09/2021
How long was the trip to Sydney?,9.0 days
What nationality was the traveler to Sydney?,Australian
What type of accommodation was used in Sydney?,Hotel
How much did the accommodation cost in Sydney?,900 USD €
What transportation was used to reach Sydney?,Plane
What was the transportation cost to Sydney?,600 USD €
What was the total budget for the trip to Sydney?,1500.0 € (Transport: 600 USD € + Accommodation: 900 USD €)
What is the destination of the trip starting on 15/10/2021?,New York
When did the trip to New York start?,15/10/2021
How long was the trip to New York?,6.0 days
What nationality was the traveler to New York?,American
What type of accommodation was used in New York?,Airbnb
How much did the accommodation cost in New York?,700 USD €
What transportation was used to reach New York?,Car rental
What was the transportation cost to New York?,200 USD €
What was the total budget for the trip to New York?,900.0 € (Transport: 200 USD € + Accommodation: 700 USD €)
What is the destination of the trip starting on 20/11/2021?,London
When did the trip to London start?,20/11/2021
How long was the trip to London?,11.0 days
What nationality was the traveler to London?,British
What type of accommodation was used in London?,Hostel
How much did the accommodation cost in London?,300 USD €
What transportation was used to reach London?,Plane
What was the transportation cost to London?,400 USD €
What was the total budget for the trip to London?,700.0 € (Transport: 400 USD € + Accommodation: 300 USD €)
What is the destination of the trip starting on 01/01/2022?,Dubai
When did the trip to Dubai start?,01/01/2022
How long was the trip to Dubai?,8.0 days
What nationality was the traveler to Dubai?,Emirati
What type of accommodation was used in Dubai?,Hotel
How much did the accommodation cost in Dubai?,1000 USD €
What transportation was used to reach Dubai?,Plane
What was the transportation cost to Dubai?,800 USD €
What was the total budget for the trip to Dubai?,1800.0 € (Transport: 800 USD € + Accommodation: 1000 USD €)
What is the destination of the trip starting on 14/02/2022?,Bangkok
When did the trip to Bangkok start?,14/02/2022
How long was the trip to Bangkok?,7.0 days
What nationality was the traveler to Bangkok?,Vietnamese
What type of accommodation was used in Bangkok?,Airbnb
How much did the accommodation cost in Bangkok?,400 USD €
What transportation was used to reach Bangkok?,Train
What was the transportation cost to Bangkok?,100 USD €
What was the total budget for the trip to Bangkok?,500.0 € (Transport: 100 USD € + Accommodation: 400 USD €)
What is the destination of the trip starting on 10/03/2022?,Rome
When did the trip to Rome start?,10/03/2022
How long was the trip to Rome?,11.0 days
What nationality was the traveler to Rome?,Italian
What type of accommodation was used in Rome?,Hostel
How much did the accommodation cost in Rome?,200 USD €
What transportation was used to reach Rome?,Plane
What was the transportation cost to Rome?,350 USD €
What was the total budget for the trip to Rome?,550.0 € (Transport: 350 USD € + Accommodation: 200 USD €)
What is the destination of the trip starting on 15/04/2022?,Bali
When did the trip to Bali start?,15/04/2022
How long was the trip to Bali?,11.0 days
What nationality was the traveler to Bali?,Indonesian
What type of accommodation was used in Bali?,Villa
How much did the accommodation cost in Bali?,1500 USD €
What transportation was used to reach Bali?,Car rental
What was the transportation cost to Bali?,300 USD €
What was the total budget for the trip to Bali?,1800.0 € (Transport: 300 USD € + Accommodation: 1500 USD €)
What is the destination of the trip starting on 01/05/2022?,Seoul
When did the trip to Seoul start?,01/05/2022
How long was the trip to Seoul?,10.0 days
What nationality was the traveler to Seoul?,Korean
What type of accommodation was used in Seoul?,Hotel
How much did the accommodation cost in Seoul?,800 USD €
What transportation was used to reach Seoul?,Train
What was the transportation cost to Seoul?,150 USD €
What was the total budget for the trip to Seoul?,950.0 € (Transport: 150 USD € + Accommodation: 800 USD €)
What is the destination of the trip starting on 15/06/2022?,Paris
When did the trip to Paris start?,15/06/2022
How long was the trip to Paris?,5.0 days
What nationality was the traveler to Paris?,USA
What type of accommodation was used in Paris?,Hotel
How much did the accommodation cost in Paris?,$500  €
What transportation was used to reach Paris?,Plane
What was the transportation cost to Paris?,$800  €
What was the total budget for the trip to Paris?,1300.0 € (Transport: $800  € + Accommodation: $500  €)
What is the destination of the trip starting on 01/09/2022?,Tokyo
When did the trip to Tokyo start?,01/09/2022
How long was the trip to Tokyo?,9.0 days
What nationality was the traveler to Tokyo?,Canada
What type of accommodation was used in Tokyo?,Airbnb
How much did the accommodation cost in Tokyo?,$400  €
What transportation was used to reach Tokyo?,Train
What was the transportation cost to Tokyo?,$200  €
What was the total budget for the trip to Tokyo?,600.0 € (Transport: $200  € + Accommodation: $400  €)
What is the destination of the trip starting on 23/11/2022?,Sydney
When did the trip to Sydney start?,23/11/2022
How long was the trip to Sydney?,9.0 days
What nationality was the traveler to Sydney?,South Korea
What type of accommodation was used in Sydney?,Hostel
How much did the accommodation cost in Sydney?,$200  €
What transportation was used to reach Sydney?,Plane
What was the transportation cost to Sydney?,"$1,200  €"
What was the total budget for the trip to Sydney?,"1400.0 € (Transport: $1,200  € + Accommodation: $200  €)"
What is the destination of the trip starting on 14/02/2023?,London
When did the trip to London start?,14/02/2023
How long was the trip to London?,5.0 days
What nationality was the traveler to London?,UK
What type of accommodation was used in London?,Hotel
How much did the accommodation cost in London?,$600  €
What transportation was used to reach London?,Plane
What was the transportation cost to London?,$700  €
What was the total budget for the trip to London?,1300.0 € (Transport: $700  € + Accommodation: $600  €)
What is the destination of the trip starting on 08/05/2023?,New York
When did the trip to New York start?,08/05/2023
How long was the trip to New York?,6.0 days
What nationality was the traveler to New York?,China
What type of accommodation was used in New York?,Airbnb
How much did the accommodation cost in New York?,$800  €
What transportation was used to reach New York?,Car rental
What was the transportation cost to New York?,$300  €
What was the total budget for the trip to New York?,1100.0 € (Transport: $300  € + Accommodation: $800  €)
What is the destination of the trip starting on 20/08/2023?,Rome
When did the trip to Rome start?,20/08/2023
How long was the trip to Rome?,7.0 days
What nationality was the traveler to Rome?,Taiwan
What type of accommodation was used in Rome?,Hotel
How much did the accommodation cost in Rome?,$700  €
What transportation was used to reach Rome?,Plane
What was the transportation cost to Rome?,$900  €
What was the total budget for the trip to Rome?,1600.0 € (Transport: $900  € + Accommodation: $700  €)
What is the destination of the trip starting on 12/11/2023?,Bangkok
When did the trip to Bangkok start?,12/11/2023
How long was the trip to Bangkok?,8.0 days
What nationality was the traveler to Bangkok?,Japan
What type of accommodation was used in Bangkok?,Hostel
How much did the accommodation cost in Bangkok?,$300  €
What transportation was used to reach Bangkok?,Train
What was the transportation cost to Bangkok?,$100  €
What was the total budget for the trip to Bangkok?,400.0 € (Transport: $100  € + Accommodation: $300  €)
What is the destination of the trip starting on 06/01/2024?,Cape Town
When did the trip to Cape Town start?,06/01/2024
How long was the trip to Cape Town?,8.0 days
What nationality was the traveler to Cape Town?,Spain
What type of accommodation was used in Cape Town?,Airbnb
How much did the accommodation cost in Cape Town?,$500  €
What transportation was used to reach Cape Town?,Plane
What was the transportation cost to Cape Town?,"$1,500  €"
What was the total budget for the trip to Cape Town?,"2000.0 € (Transport: $1,500  € + Accommodation: $500  €)"
What is the destination of the trip starting on 03/04/2024?,Rio de Janeiro
When did the trip to Rio de Janeiro start?,03/04/2024
How long was the trip to Rio de Janeiro?,7.0 days
What nationality was the traveler to Rio de Janeiro?,Brazil
What type of accommodation was used in Rio de Janeiro?,Hotel
How much did the accommodation cost in Rio de Janeiro?,$900  €
What transportation was used to reach Rio de Janeiro?,Car rental
What was the transportation cost to Rio de Janeiro?,$400  €
What was the total budget for the trip to Rio de Janeiro?,1300.0 € (Transport: $400  € + Accommodation: $900  €)
What is the destination of the trip starting on 22/07/2024?,Bali
When did the trip to Bali start?,22/07/2024
How long was the trip to Bali?,6.0 days
What nationality was the traveler to Bali?,South Korea
What type of accommodation was used in Bali?,Villa
How much did the accommodation cost in Bali?,"$1,200  €"
What transportation was used to reach Bali?,Plane
What was the transportation cost to Bali?,"$1,000  €"
What was the total budget for the trip to Bali?,"2200.0 € (Transport: $1,000  € + Accommodation: $1,200  €)"
What is the destination of the trip starting on 10/10/2024?,Amsterdam
When did the trip to Amsterdam start?,10/10/2024
How long was the trip to Amsterdam?,7.0 days
What nationality was the traveler to Amsterdam?,Germany
What type of accommodation was used in Amsterdam?,Hotel
How much did the accommodation cost in Amsterdam?,$600  €
What transportation was used to reach Amsterdam?,Train
What was the transportation cost to Amsterdam?,$150  €
What was the total budget for the trip to Amsterdam?,750.0 € (Transport: $150  € + Accommodation: $600  €)
What is the destination of the trip starting on 15/05/2022?,Paris
When did the trip to Paris start?,15/05/2022
How long was the trip to Paris?,5.0 days
What nationality was the traveler to Paris?,USA
What type of accommodation was used in Paris?,Hotel
How much did the accommodation cost in Paris?,1000 €
What transportation was used to reach Paris?,Plane
What was the transportation cost to Paris?,800 €
What was the total budget for the trip to Paris?,1800.0 € (Transport: 800 € + Accommodation: 1000 €)
What is the destination of the trip starting on 01/09/2022?,Tokyo
When did the trip to Tokyo start?,01/09/2022
How long was the trip to Tokyo?,9.0 days
What nationality was the traveler to Tokyo?,South Korea
What type of accommodation was used in Tokyo?,Airbnb
How much did the accommodation cost in Tokyo?,800 €
What transportation was used to reach Tokyo?,Train
What was the transportation cost to Tokyo?,500 €
What was the total budget for the trip to Tokyo?,1300.0 € (Transport: 500 € + Accommodation: 800 €)
What is the destination of the trip starting on 20/06/2022?,New York
When did the trip to New York start?,20/06/2022
How long was the trip to New York?,5.0 days
What nationality was the traveler to New York?,Hong Kong
What type of accommodation was used in New York?,Hotel
How much did the accommodation cost in New York?,1200 €
What transportation was used to reach New York?,Car rental
What was the transportation cost to New York?,200 €
What was the total budget for the trip to New York?,1400.0 € (Transport: 200 € + Accommodation: 1200 €)
What is the destination of the trip starting on 12/08/2022?,Bali
When did the trip to Bali start?,12/08/2022
How long was the trip to Bali?,8.0 days
What nationality was the traveler to Bali?,Taiwan
What type of accommodation was used in Bali?,Resort
How much did the accommodation cost in Bali?,1500 €
What transportation was used to reach Bali?,Plane
What was the transportation cost to Bali?,1200 €
What was the total budget for the trip to Bali?,2700.0 € (Transport: 1200 € + Accommodation: 1500 €)
What is the destination of the trip starting on 01/07/2022?,Sydney
When did the trip to Sydney start?,01/07/2022
How long was the trip to Sydney?,9.0 days
What nationality was the traveler to Sydney?,Canada
What type of accommodation was used in Sydney?,Hostel
How much did the accommodation cost in Sydney?,300 €
What transportation was used to reach Sydney?,Plane
What was the transportation cost to Sydney?,900 €
What was the total budget for the trip to Sydney?,1200.0 € (Transport: 900 € + Accommodation: 300 €)
What is the destination of the trip starting on 10/06/2022?,London
When did the trip to London start?,10/06/2022
How long was the trip to London?,5.0 days
What nationality was the traveler to London?,United Kingdom
What type of accommodation was used in London?,Hotel
How much did the accommodation cost in London?,900 €
What transportation was used to reach London?,Train
What was the transportation cost to London?,150 €
What was the total budget for the trip to London?,1050.0 € (Transport: 150 € + Accommodation: 900 €)
What is the destination of the trip starting on 05/09/2022?,Phuket
When did the trip to Phuket start?,05/09/2022
How long was the trip to Phuket?,7.0 days
What nationality was the traveler to Phuket?,Singapore
What type of accommodation was used in Phuket?,Villa
How much did the accommodation cost in Phuket?,2000 €
What transportation was used to reach Phuket?,Plane
What was the transportation cost to Phuket?,700 €
What was the total budget for the trip to Phuket?,2700.0 € (Transport: 700 € + Accommodation: 2000 €)
What is the destination of the trip starting on 01/05/2022?,Rome
When did the trip to Rome start?,01/05/2022
How long was the trip to Rome?,7.0 days
What nationality was the traveler to Rome?,Italy
What type of accommodation was used in Rome?,Hotel
How much did the accommodation cost in Rome?,1100 €
What transportation was used to reach Rome?,Train
What was the transportation cost to Rome?,250 €
What was the total budget for the trip to Rome?,1350.0 € (Transport: 250 € + Accommodation: 1100 €)
What is the destination of the trip starting on 15/07/2022?,Santorini
When did the trip to Santorini start?,15/07/2022
How long was the trip to Santorini?,7.0 days
What nationality was the traveler to Santorini?,Greece
What type of accommodation was used in Santorini?,Airbnb
How much did the accommodation cost in Santorini?,1000 €
What transportation was used to reach Santorini?,Ferry
What was the transportation cost to Santorini?,150 €
What was the total budget for the trip to Santorini?,1150.0 € (Transport: 150 € + Accommodation: 1000 €)
What is the destination of the trip starting on 25/08/2022?,Dubai
When did the trip to Dubai start?,25/08/2022
How long was the trip to Dubai?,5.0 days
What nationality was the traveler to Dubai?,United Arab Emirates
What type of accommodation was used in Dubai?,Hotel
How much did the accommodation cost in Dubai?,1500 €
What transportation was used to reach Dubai?,Car rental
What was the transportation cost to Dubai?,300 €
What was the total budget for the trip to Dubai?,1800.0 € (Transport: 300 € + Accommodation: 1500 €)
What is the destination of the trip starting on 10/09/2022?,Phnom Penh
When did the trip to Phnom Penh start?,10/09/2022
How long was the trip to Phnom Penh?,5.0 days
What nationality was the traveler to Phnom Penh?,Cambodia
What type of accommodation was used in Phnom Penh?,Hostel
How much did the accommodation cost in Phnom Penh?,200 €
What transportation was used to reach Phnom Penh?,Plane
What was the transportation cost to Phnom Penh?,500 €
What was the total budget for the trip to Phnom Penh?,700.0 € (Transport: 500 € + Accommodation: 200 €)
What is the destination of the trip starting on 05/02/2022?,"Tokyo, Japan"
"When did the trip to Tokyo, Japan start?",05/02/2022
"How long was the trip to Tokyo, Japan?",9.0 days
"What nationality was the traveler to Tokyo, Japan?",American
"What type of accommodation was used in Tokyo, Japan?",Hotel
"How much did the accommodation cost in Tokyo, Japan?",1000 €
"What transportation was used to reach Tokyo, Japan?",Plane
"What was the transportation cost to Tokyo, Japan?",700 €
"What was the total budget for the trip to Tokyo, Japan?",1700.0 € (Transport: 700 € + Accommodation: 1000 €)
What is the destination of the trip starting on 15/03/2022?,"Paris, France"
"When did the trip to Paris, France start?",15/03/2022
"How long was the trip to Paris, France?",7.0 days
"What nationality was the traveler to Paris, France?",Canadian
"What type of accommodation was used in Paris, France?",Hotel
"How much did the accommodation cost in Paris, France?",1200 €
"What transportation was used to reach Paris, France?",Train
"What was the transportation cost to Paris, France?",500 €
"What was the total budget for the trip to Paris, France?",1700.0 € (Transport: 500 € + Accommodation: 1200 €)
What is the destination of the trip starting on 01/05/2022?,"Sydney, Aus"
"When did the trip to Sydney, Aus start?",01/05/2022
"How long was the trip to Sydney, Aus?",11.0 days
"What nationality was the traveler to Sydney, Aus?",Chinese
"What type of accommodation was used in Sydney, Aus?",Airbnb
"How much did the accommodation cost in Sydney, Aus?",800 €
"What transportation was used to reach Sydney, Aus?",Plane
"What was the transportation cost to Sydney, Aus?",1000 €
"What was the total budget for the trip to Sydney, Aus?",1800.0 € (Transport: 1000 € + Accommodation: 800 €)
What is the destination of the trip starting on 10/06/2022?,"Rome, Italy"
"When did the trip to Rome, Italy start?",10/06/2022
"How long was the trip to Rome, Italy?",7.0 days
"What nationality was the traveler to Rome, Italy?",Korean
"What type of accommodation was used in Rome, Italy?",Hotel
"How much did the accommodation cost in Rome, Italy?",900 €
"What transportation was used to reach Rome, Italy?",Train
"What was the transportation cost to Rome, Italy?",400 €
"What was the total budget for the trip to Rome, Italy?",1300.0 € (Transport: 400 € + Accommodation: 900 €)
What is the destination of the trip starting on 20/07/2022?,"Bali, Indonesia"
"When did the trip to Bali, Indonesia start?",20/07/2022
"How long was the trip to Bali, Indonesia?",10.0 days
"What nationality was the traveler to Bali, Indonesia?",Korean
"What type of accommodation was used in Bali, Indonesia?",Hostel
"How much did the accommodation cost in Bali, Indonesia?",500 €
"What transportation was used to reach Bali, Indonesia?",Plane
"What was the transportation cost to Bali, Indonesia?",800 €
"What was the total budget for the trip to Bali, Indonesia?",1300.0 € (Transport: 800 € + Accommodation: 500 €)
What is the destination of the trip starting on 08/08/2022?,"Cancun, Mexico"
"When did the trip to Cancun, Mexico start?",08/08/2022
"How long was the trip to Cancun, Mexico?",8.0 days
"What nationality was the traveler to Cancun, Mexico?",American
"What type of accommodation was used in Cancun, Mexico?",Hotel
"How much did the accommodation cost in Cancun, Mexico?",1300 €
"What transportation was used to reach Cancun, Mexico?",Plane
"What was the transportation cost to Cancun, Mexico?",600 €
"What was the total budget for the trip to Cancun, Mexico?",1900.0 € (Transport: 600 € + Accommodation: 1300 €)
What is the destination of the trip starting on 20/09/2022?,"Athens, Greece"
"When did the trip to Athens, Greece start?",20/09/2022
"How long was the trip to Athens, Greece?",10.0 days
"What nationality was the traveler to Athens, Greece?",Korean
"What type of accommodation was used in Athens, Greece?",Airbnb
"How much did the accommodation cost in Athens, Greece?",700 €
"What transportation was used to reach Athens, Greece?",Plane
"What was the transportation cost to Athens, Greece?",900 €
"What was the total budget for the trip to Athens, Greece?",1600.0 € (Transport: 900 € + Accommodation: 700 €)
What is the destination of the trip starting on 05/10/2022?,"Tokyo, Japan"
"When did the trip to Tokyo, Japan start?",05/10/2022
"How long was the trip to Tokyo, Japan?",8.0 days
"What nationality was the traveler to Tokyo, Japan?",Korean
"What type of accommodation was used in Tokyo, Japan?",Hotel
"How much did the accommodation cost in Tokyo, Japan?",1200 €
"What transportation was used to reach Tokyo, Japan?",Plane
"What was the transportation cost to Tokyo, Japan?",700 €
"What was the total budget for the trip to Tokyo, Japan?",1900.0 € (Transport: 700 € + Accommodation: 1200 €)
What is the destination of the trip starting on 11/11/2022?,"Sydney, Aus"
"When did the trip to Sydney, Aus start?",11/11/2022
"How long was the trip to Sydney, Aus?",10.0 days
"What nationality was the traveler to Sydney, Aus?",Chinese
"What type of accommodation was used in Sydney, Aus?",Airbnb
"How much did the accommodation cost in Sydney, Aus?",900 €
"What transportation was used to reach Sydney, Aus?",Plane
"What was the transportation cost to Sydney, Aus?",1000 €
"What was the total budget for the trip to Sydney, Aus?",1900.0 € (Transport: 1000 € + Accommodation: 900 €)
What is the destination of the trip starting on 24/12/2022?,"Paris, France"
"When did the trip to Paris, France start?",24/12/2022
"How long was the trip to Paris, France?",8.0 days
"What nationality was the traveler to Paris, France?",American
"What type of accommodation was used in Paris, France?",Hostel
"How much did the accommodation cost in Paris, France?",400 €
"What transportation was used to reach Paris, France?",Plane
"What was the transportation cost to Paris, France?",700 €
"What was the total budget for the trip to Paris, France?",1100.0 € (Transport: 700 € + Accommodation: 400 €)
What is the destination of the trip starting on 10/02/2023?,"Bali, Indonesia"
"When did the trip to Bali, Indonesia start?",10/02/2023
"How long was the trip to Bali, Indonesia?",8.0 days
"What nationality was the traveler to Bali, Indonesia?",Canadian
"What type of accommodation was used in Bali, Indonesia?",Hotel
"How much did the accommodation cost in Bali, Indonesia?",800 €
"What transportation was used to reach Bali, Indonesia?",Plane
"What was the transportation cost to Bali, Indonesia?",800 €
"What was the total budget for the trip to Bali, Indonesia?",1600.0 € (Transport: 800 € + Accommodation: 800 €)
What is the destination of the trip starting on nan?,
When did the trip to nan start?,
How long was the trip to nan?,nan days
What nationality was the traveler to nan?,
What type of accommodation was used in nan?,
How much did the accommodation cost in nan?,nan €
What transportation was used to reach nan?,
What was the transportation cost to nan?,nan €
What was the total budget for the trip to nan?,nan € (Transport: nan € + Accommodation: nan €)
What is the destination of the trip starting on 01/05/2023?,"Paris, France"
"When did the trip to Paris, France start?",01/05/2023
"How long was the trip to Paris, France?",6.0 days
"What nationality was the traveler to Paris, France?",American
"What type of accommodation was used in Paris, France?",Hotel
"How much did the accommodation cost in Paris, France?",5000 €
"What transportation was used to reach Paris, France?",Airplane
"What was the transportation cost to Paris, France?",2500 €
"What was the total budget for the trip to Paris, France?",7500.0 € (Transport: 2500 € + Accommodation: 5000 €)
What is the destination of the trip starting on 15/05/2023?,"Tokyo, Japan"
"When did the trip to Tokyo, Japan start?",15/05/2023
"How long was the trip to Tokyo, Japan?",7.0 days
"What nationality was the traveler to Tokyo, Japan?",British
"What type of accommodation was used in Tokyo, Japan?",Airbnb
"How much did the accommodation cost in Tokyo, Japan?",7000 €
"What transportation was used to reach Tokyo, Japan?",Train
"What was the transportation cost to Tokyo, Japan?",1500 €
"What was the total budget for the trip to Tokyo, Japan?",8500.0 € (Transport: 1500 € + Accommodation: 7000 €)
What is the destination of the trip starting on 01/06/2023?,"Cape Town, South Africa"
"When did the trip to Cape Town, South Africa start?",01/06/2023
"How long was the trip to Cape Town, South Africa?",9.0 days
"What nationality was the traveler to Cape Town, South Africa?",South African
"What type of accommodation was used in Cape Town, South Africa?",Hostel
"How much did the accommodation cost in Cape Town, South Africa?",3000 €
"What transportation was used to reach Cape Town, South Africa?",Car
"What was the transportation cost to Cape Town, South Africa?",2000 €
"What was the total budget for the trip to Cape Town, South Africa?",5000.0 € (Transport: 2000 € + Accommodation: 3000 €)
What is the destination of the trip starting on 15/06/2023?,"Sydney, Australia"
"When did the trip to Sydney, Australia start?",15/06/2023
"How long was the trip to Sydney, Australia?",6.0 days
"What nationality was the traveler to Sydney, Australia?",Australian
"What type of accommodation was used in Sydney, Australia?",Hotel
"How much did the accommodation cost in Sydney, Australia?",6000 €
"What transportation was used to reach Sydney, Australia?",Airplane
"What was the transportation cost to Sydney, Australia?",3000 €
"What was the total budget for the trip to Sydney, Australia?",9000.0 € (Transport: 3000 € + Accommodation: 6000 €)
What is the destination of the trip starting on 01/07/2023?,"Rome, Italy"
"When did the trip to Rome, Italy start?",01/07/2023
"How long was the trip to Rome, Italy?",7.0 days
"What nationality was the traveler to Rome, Italy?",Korean
"What type of accommodation was used in Rome, Italy?",Airbnb
"How much did the accommodation cost in Rome, Italy?",4000 €
"What transportation was used to reach Rome, Italy?",Train
"What was the transportation cost to Rome, Italy?",1500 €
"What was the total budget for the trip to Rome, Italy?",5500.0 € (Transport: 1500 € + Accommodation: 4000 €)
What is the destination of the trip starting on 15/07/2023?,"New York City, USA"
"When did the trip to New York City, USA start?",15/07/2023
"How long was the trip to New York City, USA?",7.0 days
"What nationality was the traveler to New York City, USA?",American
"What type of accommodation was used in New York City, USA?",Hotel
"How much did the accommodation cost in New York City, USA?",8000 €
"What transportation was used to reach New York City, USA?",Airplane
"What was the transportation cost to New York City, USA?",2500 €
"What was the total budget for the trip to New York City, USA?",10500.0 € (Transport: 2500 € + Accommodation: 8000 €)
What is the destination of the trip starting on 01/08/2023?,"Rio de Janeiro, Brazil"
"When did the trip to Rio de Janeiro, Brazil start?",01/08/2023
"How long was the trip to Rio de Janeiro, Brazil?",9.0 days
"What nationality was the traveler to Rio de Janeiro, Brazil?",Brazilian
"What type of accommodation was used in Rio de Janeiro, Brazil?",Hostel
"How much did the accommodation cost in Rio de Janeiro, Brazil?",2500 €
"What transportation was used to reach Rio de Janeiro, Brazil?",Car
"What was the transportation cost to Rio de Janeiro, Brazil?",2000 €
"What was the total budget for the trip to Rio de Janeiro, Brazil?",4500.0 € (Transport: 2000 € + Accommodation: 2500 €)
What is the destination of the trip starting on 15/08/2023?,"Vancouver, Canada"
"When did the trip to Vancouver, Canada start?",15/08/2023
"How long was the trip to Vancouver, Canada?",6.0 days
"What nationality was the traveler to Vancouver, Canada?",Canadian
"What type of accommodation was used in Vancouver, Canada?",Hotel
"How much did the accommodation cost in Vancouver, Canada?",5000 €
"What transportation was used to reach Vancouver, Canada?",Airplane
"What was the transportation cost to Vancouver, Canada?",3000 €
"What was the total budget for the trip to Vancouver, Canada?",8000.0 € (Transport: 3000 € + Accommodation: 5000 €)
What is the destination of the trip starting on 01/09/2023?,"Bangkok, Thailand"
"When did the trip to Bangkok, Thailand start?",01/09/2023
"How long was the trip to Bangkok, Thailand?",7.0 days
"What nationality was the traveler to Bangkok, Thailand?",Chinese
"What type of accommodation was used in Bangkok, Thailand?",Hostel
"How much did the accommodation cost in Bangkok, Thailand?",2000 €
"What transportation was used to reach Bangkok, Thailand?",Train
"What was the transportation cost to Bangkok, Thailand?",1000 €
"What was the total budget for the trip to Bangkok, Thailand?",3000.0 € (Transport: 1000 € + Accommodation: 2000 €)
What is the destination of the trip starting on 15/09/2023?,"Barcelona, Spain"
"When did the trip to Barcelona, Spain start?",15/09/2023
"How long was the trip to Barcelona, Spain?",7.0 days
"What nationality was the traveler to Barcelona, Spain?",Spanish
"What type of accommodation was used in Barcelona, Spain?",Airbnb
"How much did the accommodation cost in Barcelona, Spain?",6000 €
"What transportation was used to reach Barcelona, Spain?",Airplane
"What was the transportation cost to Barcelona, Spain?",2500 €
"What was the total budget for the trip to Barcelona, Spain?",8500.0 € (Transport: 2500 € + Accommodation: 6000 €)
What is the destination of the trip starting on 01/10/2023?,"Auckland, New Zealand"
"When did the trip to Auckland, New Zealand start?",01/10/2023
"How long was the trip to Auckland, New Zealand?",7.0 days
"What nationality was the traveler to Auckland, New Zealand?",New Zealander
"What type of accommodation was used in Auckland, New Zealand?",Hotel
"How much did the accommodation cost in Auckland, New Zealand?",7000 €
"What transportation was used to reach Auckland, New Zealand?",Train
"What was the transportation cost to Auckland, New Zealand?",2500 €
"What was the total budget for the trip to Auckland, New Zealand?",9500.0 € (Transport: 2500 € + Accommodation: 7000 €)
What is the average trip duration?,7.6 days
Which destination is the most visited?,Bali
What is the most used transportation type?,Plane
